DeptID,DeptName,Parent id,
1001,Gubernur,0,
1002,Wakil Gubernur,1001,
1,Sekretaris Daerah,1001,
2,Biro Pemerintahan,1,
161,Bagian Bina Pertanahan,2,
401,Subbag Pengawasan dan Pengendalian Pertanahan,161,
402,Subbag Fasilitasi Tanah Bermasalah,161,
403,Subbag Tata Usaha Biro,161,
162,Bagian Otonomi Daerah,2,
404,Subbag Penataan Daerah,162,
405,Subbag Fasilitasi Kepala Daerah dan DPRD,162,
406,Subbag Peningkatan Kapasitas Daerah,162,
163,Bagian Bina Administrasi Kewilayahan,2,
407,Subbag Pembinaan Wilayah,163,
408,"Subbag Fasilitasi Kebijakan Ketentraman Ketertiban, Perlindungan Masyarakat dan Kebencanaan",163,
409,Subbag Dekonsentrasi dan Tugas Pembantuan,163,
164,Kelompok Jabatan Fungsional Biro Pemerintahan,2,
410,PTT,2,
3,Biro Hukum,1,
165,Bagian Perundang-Undangan,3,
411,Subbag Rancangan Peraturan Daerah,165,
412,Subbag Rancangan Peraturan Kepala Daerah,165,
413,Subbag Rancangan Ketetapan,165,
166,Bagian Bantuan Hukum dan Ham,3,
414,Subbag Sengketa Hukum,166,
415,Subbag Penyusunan Naskah Perjanjian,166,
416,Subbag HAM dan HAKI,166,
167,Bagian Pembinaan Hukum,3,
417,Subbag Penyuluhan Hukum,167,
418,Subbag Dokumentasi Hukum,167,
419,Subbag Tata Usaha Biro,167,
168,Kelompok Jabatan Fungsional Biro Hukum,3,
420,PTT,3,
4,Biro Kesejahteraan Rakyat,1,
169,Bagian Keagamaan,4,
421,Subbag Bagian Pembinaan Keagamaan dan Kerukunan Umat Beragama,169,
422,Subbag Sarana dan Prasarana Keagamaan,169,
423,Subbag Pendidikan Keagamaan,169,
170,Bagian Kesejahteraan sosial,4,
424,Subbag Kesehatan dan Pengendalian Penduduk,170,
425,"Subbag sosial, Pemberdayaan Perempuan dan Perlindungan Anak",170,
426,"Subbag Tenaga Kerja, Transmigrasi dan Pemberdayaan Masyarakat",170,
171,"Bagian Pendidikan, Kebudayaan, Kepemudaan dan Olahraga",4,
427,Subbag Pendidikan dan Kebudayaan,171,
428,Subbag Kepemudaan dan Olahraga,171,
429,Subbag Tata Usaha,171,
172,Kelompok Jabatan Fungsional Biro Kesra,4,
430,PTT,4,
5,Biro Administrasi Perekonomian,1,
173,Bagian Produksi Daerah,5,
431,Subbag Pertambangan dan Energi ,173,
432,"Subbag Pertanian, Kehutanan, Kelautan dan Perikanan ",173,
433,Subbag Perdagangan dan Perindustrian ,173,
174,"Bagian Penanaman Modal, BUMN dan Lembaga Keungan ",5,
434,Subbag Penanaman Modal dan Promosi ,174,
435,Subbag Badan Usaha Milik Daerah ,174,
436,"Subbag Lemabaga Keuangan, Koperasi dan Usaha Kecil Menengah ",174,
175,Bagian Pengembangan Perekonomian,5,
437,Subbag Data dan Statistik Perekonomian ,175,
438,Subbag Periwisata dan Perhubungan ,175,
439,Subbag Tata Usaha Biro ,175,
176,Kelompok Jabatan Fungsional Biro Perekonomian,5,
440,PTT,5,
6,Biro Bina Adm Pengendalian Pembangunan dan LPBJP,1,
177,Bagian Program dan Sekretariat LPBJP,6,
441,Subbag Program dan Pelaporan ,177,
442,Subbag Pelayanan ,177,
443,Subbag Tata Usaha ,177,
178,"Bagian Administrasi Pembangunan  Ekonomi, Sosial, Budaya dan Kesejateraan Rakyat",6,
444,Subbag Pembangunan Ekonomi ,178,
445,Subbag Pembengunan Sosial Budaya ,178,
446,Subbag Pembangunan Kesejahteraan Rakyat ,178,
179,Bagian Administrasi Pembangunan Pembangunan Infrastuktur dan Tata Ruang,6,
447,Subbag Pembengunan Perumahann dan Kawasan Pemukiman ,179,
448,Subbag Pembangunan Sumber Daya Air dan Lingkungan Hidup ,179,
449,Subbag Pembangunan Perhubungan Dan Tata Ruang,179,
180,Kelompok Jabatan Fungsional Biro APLPBJP,6,
450,PTT,6,
7,Biro Organisasi,1,
181,Bagian Kelembagaan,7,
451,Subbag Analisis Kelembagaan ,181,
452,Subbag Fasilitas dan Monitoring dan Evaluasi Kelembagaan ,181,
453,Subbag Analisis Kelembagaan UPT Daerah dan Fasilitas Kelembagaan Pusat,181,
182,Bagian Tatalaksana dan Reformasi Birokrasi,7,
454,Subbag Standarisasi dan Budaya Kerja ,182,
455,Subbag Akuntabilitas dan Evaluasi Kinerja ,182,
456,Subbag Reformasi Birokrasi dan Pelayanan Publik ,182,
183,Bagian Analisis Formasi Jabatan dan Sumber Daya Aparatur ,7,
457,Subbag Analisis dan Evaluasi Jabatan ,183,
458,Subbag sumber Daya Aparatur ,183,
459,Subbag Tata Usaha ,183,
184,kelompok jabatan fungsional biro organisasi ,7,
460,PTT,7,
8,Biro Umum,1,
185,Bagian Kesekretariatan dan Rumah Tangga,8,
461,Subbag Rumah tangga Pimpinan,185,
462,Subbag Arsip dan ekspedisi,185,
463,"Subbag tata Usaha, kepegawaian dan Perjalanan",185,
464,"Subbag Tata Usaha sekda, Asisten dan Staf Ahli Gub",185,
186,Bagian Adm keuangan sekda,8,
465,Subbag perencanaan,186,
466,Subbag Penatausahaan Keuangan,186,
467,Subbag akuntasi dan Pelaporan,186,
187,Bagian Sarana Prasarana Sekda dan Rumah Jabatan,8,
468,Subbag Sarana Perkantoran,187,
469,Subbag Prasarana Perkantoran,187,
470,Subbag Sarana Prasarana Rumah Jabatan,187,
188,kelompok jabatan fungsional biro Umum ,8,
43,Staf Ahli Bidang hukum dan Politik,8,
44,Staf Ahli Bidang Pemerintahan,8,
45,Staf Ahli Bidang Pembangunan,8,
46,Staf Ahli Bidang Kemasyarakatan dan Sumber Daya manusia,8,
47,Staf Ahli Bidang ekonomi dan Keuangan,8,
48,Asisten 1 – Pemerintahan dan Kesejahteraan Rakyat,8,
49,Asisten 2 – Perekonomian dan Pembangunan,8,
50,Asisten 3 – Administrasi Umum,8,
471,PTT,8,
9,Biro Humas dan Protokol,1,
189,Bagian Pemeritaan,9,
472,Subbag hubungan Media,189,
473,Subbag Pengelolaan Data dan Naskah Pimpinan,189,
474,Subbag Peliputan,189,
190,Bagian Dokumentasi,9,
475,Subbag Pengelolaan Dokumen dan Perpustakaan,190,
476,Subbag Produksi,190,
477,Subbag Tata Usaha,190,
191,Bagian Protokol,9,
478,Subbag Tata Usaha Pimpinan,191,
479,Subbag Tamu Daerah,191,
480,Subbag Acara,191,
192,Kelompok Jabatan Fungsional Biro Humas,9,
481,PTT,9,
10,Sekretariat DPRD,1,
193,Bagian Persidangan dan Perundang-undangan,10,
482,Subbag Rapat dan Risalaha,193,
483,Subbag Alat Kelengkapan Dewan dan Fraksi,193,
484,"Subbag Perundang-undangan, Dokumentasi dan perpustakaan",193,
194,Bagian Umum dan Humas ,10,
485,Subbag urusan dalam dan pengamanan dalam ,194,
486,"Subbag humas, protokol dan perjalanan ",194,
487,Subbag tata usaha ,194,
195,Bagian keuangan terdiri dari : ,10,
488,Subbag perencanaan ,195,
489,Subbag tata usaha keuangan ,195,
490,Subbag verifikasi dan pembukuan ,195,
196,kelompok jabatan fungsioanal Sekretariat DPRD,10,
491,PTT,10,
11,Inspektorat provinsi ,1,
197,Sekretariat,11,
492,Subbag Program ,197,
493,Subbag Analisa dan Evaluasi Hasil Pengawasan ,197,
494,Subbag Umum dan Keuangan ,197,
198,Inspektur pembantu I ,11,
199,Inspektur pemabantu II,11,
200,Inspektur Pembantu III,11,
201,Inspektur pembantu Khusus ,11,
202,kelompok jabatan fungsional Inspektorat,11,
495,PTT,11,
12,Dinas Pendidikan dan Kebudayaan,1,
203,Sekretariat,12,
496,Subbag program dan Keuanagn,203,
497,Subbag Umum dan Keuangan ,203,
498,Subbag Penyelenggaraan Tugas Pembantuan,203,
204,Bagian Pembinaan sekolah menengah Atas,12,
499,seksi kurikulum sekolah menengah atas ,204,
500,seksi Peserta Didik Sekolah menengah Atas,204,
501,seksi kelembagaan dan sarana prasarana sekolah menengah atas ,204,
205,bidang pembinaan sekoalh menengah kejuruan terdiri dari : ,12,
502,seksi kurikulum sekolah menengah kejuruan ,205,
503,seksi peserta didik sekoalh menengah kejuruan dan ,205,
504,seksi kelembagaan dan sarana prasarana sekolah menengah kejuruan ,205,
206,bidang pembinaan pendidikan khusus dan pendidikan layanan khusus terdiri dari: ,12,
505,seksi kurikulum pendidikan khusus dan pendidikan layanan khusus,206,
506,seksi peserta didik dan pembangunan karakater pendidikan khusus dan pendidkan layanan  khusus, dan ,206
507,seksi kelembagaan dan sarana prasarana pendidikan khusus dan pendidiakn khusus ,206,
207,bidang pembinaan ketenagaan ,12,
508,seksi guru dan ketengaan pendidikan sekolah menengah atas dan pendidikan khusus ,207,
509,seksi guru dan tenaga kependidikan sekolah menengah kejuruan , dan ,207
510,seksi tenaga kebudayaan ,207,
208,"bidang pembinaan kebudayaan, terdiri dari ",12,
511,seksi cagar budaya dan museum ,208,
512,seksi sejarah dan tradisi ,208,
513,seksi kesenian ,208,
209,kelompok pejabat fungsional dinas pendidikan dan kebudayaan ,12,
61,UPTD Balai Teknologi Informasi dan komunikasi Pendidikan,1,
62,UPTD Taman Budaya Sasambo,1,
63,UPTD museum Negeri,1,
64,"UPTD Layanan Pendidikan Menengah dan Pendidikan Khusus, Pendidikan Layanan Khusus Bima",1,
65,"UPTD Layanan Pendidikan Menengah dan Pendidikan Khusus, Pendidikan Layanan Khusus Dompu",1,
66,"UPTD Layanan Pendidikan Menengah dan Pendidikan Khusus, Pendidikan Layanan Khusus Sumbawa",1,
67,"UPTD Layanan Pendidikan Menengah dan Pendidikan Khusus, Pendidikan Layanan Khusus Sumbawa Barat",1,
68,"UPTD Layanan Pendidikan Menengah dan Pendidikan Khusus, Pendidikan Layanan Khusus Lombok Timur",1,
69,"UPTD Layanan Pendidikan Menengah dan Pendidikan Khusus, Pendidikan Layanan Khusus Lombok Tengah",1,
70,"UPTD Layanan Pendidikan Menengah dan Pendidikan Khusus, Pendidikan Layanan Khusus Lombok Barat dan Mataram",1,
71,"UPTD Layanan Pendidikan Menengah dan Pendidikan Khusus, Pendidikan Layanan Khusus Lombok Utara",1,
514,PTT,12,
13,Dinas Kesehatan,1,
210,Sekretariat,13,
515,Subbag Program ,210,
516,Subbag Keuangan ,210,
517,Subbag Umum ,210,
211,Bidang kesehatan masyarakat,13,
518,Seksi kesehatan keluarga ,211,
519,Seksi gizi masyarakat ,211,
520,Seksi Promosi kesehatan dan Pemberdayaan masyarakat ,211,
212,"Bidang pencegahan, pengendalian penyakit dan kesehatan lingkungan",13,
521,"Seksi survellans epidemiologi, imunisasi dan kesehatan bencana ",212,
522,Seksi pencegahan dan pengendalian penyakit, dan ,212
523,Seksi kesehatan lingkungan ,212,
213,Bidang pelayanan kesehatan,13,
524,Seksi pelayanan kesehatan primer dan kesehatan tradisional ,213,
525,Seksi pelayanan kesehatan rujukan ,213,
526,Seksi sakreditasi dan jaminan kesehatan ,213,
214,Bidang sumberdaya kesehatan,13,
527,"Seksi kefarmasian, makanan, minuman dan alat kesehatan ",214,
528,Seksi pengembangan sumberdaya manusia kesehatan ,214,
529,"Seksi data, informasi, penelitian dan pengembangan kesehatan ",214,
215,Kelompok jabatan fungsional Dikes,13,
72,UPTD Balai Laboratorium Kesehatan Pengujian dan Kalibrasi,1,
73,UPTD Balai Kesehatan Mata Mataram,1,
74,UPTD Akademi Perawat Kesehatan,1,
75,UPTD Balai Pelatihan Kesehatan,1,
530,PTT,13,
14,Dinas Pekerjaan Umum dan Penataan Ruang,1,
216,Sekertariat,14,
531,Subbag Program ,216,
532,Subbag Keuangan,216,
533,Subbag Umum ,216,
217,Bidang Sumberdaya Air,14,
534,Seksi perencanaan teknis sumber daya air ,217,
535,Sumber pemanfaatan sumberdaya air,217,
536,Seksi konservasi sumber daya air ,217,
218,Bidang Bina Marga,14,
537,Seksi perencanaan teknis jalan ,218,
538,Seksi pembangunan jalan,218,
539,Seksi pembinaan teknik jalan ,218,
219,Bidang Cipta Karya,14,
540,Seksi perencanaan teknis ,219,
541,Seksi air Bersih dan penyehatan lingkungan ,219,
542,Seksi tata banguna dan permukiman ,219,
220,Bidang pengembangan infrastruktur wilayah ,14,
543,Seksi pengembangan keterpaduan antar kawasan ,220,
544,Seksi pengembangan keterpaduan antar sektor,220,
545,Seksi pengembangan keterpaduan infrastruktur ,220,
221,Bidang Tata Ruang,14,
546,Seksi perencanaan tata ruang ,221,
547,Seksi pemanfaatan ruang,221,
548,Seksi pengendalian pemanfaatan ruang ,221,
222,Bidang Bina Konstruksi,14,
549,Seksi pengaturan ,222,
550,Seksi pemeberdayaan jasa konstruksi,222,
551,Seksi pengawasan jasa konstruksi ,222,
223,Kelompok Jabatan Fungsional PUPR,14,
76,Balai pengujian material konstruksi ,1,
77,Balai pengelolaan sumber daya air dan hidrologi wilayah sungai pulau lombok ,1,
78,Balai pengelolaan sumber daya Air dan hidrologi wilayah sungai pulau sumbawa ,1,
79,Balai pemeliharaan jalan provinsi wilayah pulau lombok ,1,
80,Balai pemeliharaan jalan provinsi wilayah pulau sumbawa ,1,
81,Balai informasi infrastruktur wilayah,1,
552,PTT,14,
15,Dinas Perumahan dan Permukiman,1,
224,Sekertariat ,15,
553,Subbag program dan keuangan ,224,
554,Subbag Umum,224,
225,Bidang Perumahan,15,
555,Seksi perencanaan teknis perumahan ,225,
556,Seksi perumahan formal ,225,
557,Seksi perumahan swadaya ,225,
226,Bidang pemukiman,15,
558,Seksi perencanaan pemukiman ,226,
559,Seksi penataan kawsan kumuh ,226,
560,Seksi prasarana sarana dan utilitas ,226,
227,Bidang Bina Usaha Perumahan dan Pemukiman,15,
561,Seksi pengendalian dan Pengawasan,227,
562,Seksi Penelitian dan Pengembangan,227,
563,Seksi Kerjasama Pembangunan Perumahan dan Permukiman,227,
228,Kelompok Jabatan Fungsional Dinas PP,15,
564,PTT,15,
16,Dinas Sosial,1,
229,Sekretariat,16,
565,Subbag program ,229,
566,Subbag Keuangan,229,
567,Subbag Umum,229,
230,Bidang perlindungan dan jaminan sosial,16,
568,Seksi perlindungan sosial korban bencana alam ,230,
569,Seksi perlindungan sosial korban bencana sosial dan ,230,
570,Seksi jaminan sosial keluarga ,230,
231,Bidang pemeberdayaan sosial ,16,
571,"Seksi pemeberdayaan sosiala perseorangan, keluarga, masyarakat, dan kelembagaan sosial ",231,
572,Seksi pemberdayaan pengelolaan sumber dan dan bantuan sosial ,231,
573,Seksi kepahlawanan dan penyuluhan sosial ,231,
232,Bidang rehabilitas sosial,16,
574,Seksi rehabilitas sosial penyandang disabilitas dan korban napza ,232,
575,Seksi rahabilitas sosial tuna sosial dan korban peradangan orang ,232,
576,Seksi rehabilitas sosial anak dan lanjut usia ,232,
233,Bidang penangan fakir miskin ,16,
577,Seksi penanganan fakir miskin perkotaan ,233,
578,Seksi penanganan fakir miskin predesaan dan ,233,
579,Seksi penanganan fakir miskin peisisir dan pualau -pulau kecil ,233,
234,Kelompok jabatan fungsional ,16,
82,"Balai sosial asuhan anak ""Generasi Harapan""",1,
83,"Balai sosial perlindungan petiran anak ""Sasambo Matupa""",1,
84,"Balai sosial bina remaja "" Karya Mandiri """,1,
85,"Balai sosial karya wanita "" Mirah Adi""",1,
86,"Balai sosial bina laras "" Mutmainah"" ",1,
87,"Balai sosial bina karya "" Madani"" ",1,
88,"Balai sosial bina karya "" Mandalika"" ",1,
89,"Balai sosial lanjut usia "" Meci Angi"" ",1,
580,PTT,16,
17,Dinas Tenaga Kerja dan Transmigrasi,1,
235,Sekretariat,17,
581,Subbag Program,235,
582,subbag Keuangan,235,
583,Subbag Umum,235,
236,Bidang Penempatan dan Perluasan Kerja,17,
584,Seksi informasi pasar kerja ,236,
585,Seksi penempatan tenaga kerja dan pembina tenaga kerja asing,236,
586,Seksi perlauasan kesempatan kerja ,236,
237,Bidang pelatihan dan produktivitas tenaga kerja,17,
587,Seksi pembinaan instruktur dan kelembagaan ,237,
588,Seksi pemagangan,237,
589,Seksi pembinaan pelatihan dan produktivitas tenaga kerja ,237,
238,Bidang pembinaan hubungan industri dan jaminan sosial tenaga kerja,17,
590,"Seksi syarat kerja, kelembagaan dan kerja sama hubungan industrial ",238,
591,Seksi pengupahan dan jamimnan sosial tenaga kerja ,238,
592,Seksi penecegahan dan penyelesaian pesrselisihan hubungan industrial ,238,
239,Bidang pembinaan pengawasan ketenaga kerjaan,17,
593,Seksi norma ketenagakerjaan ,239,
594,Seksi keselamatan dan kesehatan kerja ,239,
595,Seksi pemeberdayaan pengawasan dan penegakan hukum ,239,
240,Bidang ketransmigrasian,17,
596,Seksi penyedian areal dan pembinaan penegakan transmigrasi ,240,
597,Seksi perpindahan dan penempatan transmigrasi ,240,
598,Seksi pembinaan dan pengembangan kawasan transmigrasi ,240,
241,Kelompok jabatan fungsional ,17,
90,Balai Latihan Kerja NTB,1,
91,"Balai Hygene Perusahaan, Kesehatan dan Keselamatan Kerja",1,
92,Balai Latihan Masyarakat dan Transmigrasi,1,
93,Balai Pengawasan ketenagakerjaan Pulau Lombok,1,
94,Balai Pengawasan ketenagakerjaan Pulau Sumbawa,1,
599,PTT,17,
18,"Dinas Pemberdayaan Masyarakat, Pemerintahan Desa, Kependudukan dan Catatan Sipil",1,
242,Sekertariat,18,
600,Subbag Program,242,
601,subbag Keuangan,242,
602,Subbag Umum,242,
243,Bidang kelembagaan dan sosial budaya,18,
603,Seksi sosial budaya masyarakat ,243,
604,Seksi kelembagaan masyarakat desa ,243,
605,Seksi pengembangan kapasitas dan informasi desa ,243,
244,Bidang pemerintahan desa,18,
606,Seksi pengembangan kapasitas aparatur pemerintah desa dan bpd ,244,
607,Seksi penataan desa dan kelembagaan pemerintahan desa ,244,
608,Seksi evalluasi perekembangan desa dan kelurahan ,244,
245,Bidang pengelolaan sumber daya alam dan teknologi tepat guna,18,
609,Seksi pengelolaan sumber daya alam ,245,
610,Seksi teknologi tepat guna ,245,
611,Sekdi sarana dan prasarana ,245,
246,Bidang usaha ekonomi masyrakat,18,
612,Seksi ekonomi  masyarakat dan kelompok msyarakat ,246,
613,Seksi pengembangan produksi dan pemasaran ,246,
614,Seksi kerja sama antar desa ,246,
247,Bidang kependudukan dan catatan sipil,18,
615,Seksi kependudukan ,247,
616,Seksi catatn sipil dan ,247,
617,Seksi informasi administrasi kependudukan ,247,
248,Kelompok jabatan fungsional ,18,
618,PTT,18,
19,"Dinas pemberdayaan Perempuan, Perlindungan anak, Pengendalian Penduduk dan Keluarga Berencana",1,
249,Sekretariat,19,
619,Subbag Program,249,
620,Subbag Keuangan ,249,
621,Subbag Umum ,249,
250,Bidang kesetaraan gender dan kualitas keluarga,19,
622,Seksi ekonomi ,250,
623,"Seksi pendidikan, kesehatan, pembangaunan kelauarga",250,
624,"Seksi politik, hukum, pertahanan keamanan, lingkungan, data dan informasi ",250,
251,Bidang perlindungan hak perempuan,19,
625,Seksi perlindungan tindak kekerasan ,251,
626,Seksi perlindungan situasi khusus dan darurat,251,
627,Seksi penguatan kelembagaan dan perlindungan ,251,
252,Bidang pemenuhan hak anak,19,
628,Seksi pemenuhan hak anak ,252,
629,Seksi perlindungan anak dari kekerasan dan eksploitasi,252,
630,Seksi perlindungan anak dalam sistuasi khusus dan darurat ,252,
253,Bidang pengendalian penduduk dan keluarga berencana,19,
631,Seksi pengendalian penduduk ,253,
632,Seksi kelaurga berencana dan kesehatan reproduksi,253,
633,Seksi kelaarga sejahtera ,253,
254,Kelompok jabatan fungsional BP5KB,19,
634,PTT,19,
20,Dinas Ketahanan Pangan,1,
255,Sekretariat,20,
635,Subbag Program ,255,
636,Subbag Keuangan ,255,
637,Subbag Umum ,255,
256,Bidang ketersediaan dan kerawanan pangan,20,
638,Seksi ketersediaan pangan,256,
639,Seksi kerawanan pangan ,256,
257,Bidang distribusi dan cadangan pangan,20,
640,Seksi ditribusi pangan,257,
641,Seksi Cadangan pangan ,257,
258,Bidang konsumsi dan keamanan pangan,20,
642,Seksi konsumsi pangan,258,
643,Seksi keamanan pangan ,258,
259,Kelompok jabatan Fungsional DKP,20,
95,UPTD Balai Sertifikasi Mutu Pangan,1,
644,PTT,20,
21,Dinas Lingkungan Hidup dan Kehutanan,1,
260,Sekretariat,21,
645,Subbag Program ,260,
646,Subbag Keuangan ,260,
647,Subbag Umum,260,
261,Bidang analisis dan penegndalian lingkungan,21,
648,Seksi analisis dampak lingkungan ,261,
649,Seksi penegendalian pencemaran,261,
650,Seksi kerusakan lingkungan ,261,
262,Bidang penataan dan penegelolaan llingkungan,21,
651,Seksi penataan lingkungan ,262,
652,Seksi peningkatan kapasitas lingkungan hidup,262,
653,Seksi pengelolaan Sampah dan Limbah B3 ,262,
263,Bidang pengelolan hutan,21,
654,Seksi perencanaan dan tata hutan ,263,
655,Seksi usaha kehutanan ,263,
656,"Seksi pengolahan, pemasaran dan iuran ",263,
264,"Bidang perlindungan hutan, konservasi sumber daya alam dan ekosistem",21,
657,Seksi pencegahan dan pengamanan hutan ,264,
658,Seksi penegakan hukum ,264,
659,Seksi keonservasi dan pelestarian Sumber daya Alam dan ekosistem ,264,
265,Bidang rehabilitas dan pemberdayaan masyarakat,21,
660,Seksi rehabilitas hutan dan lahan ,265,
661,Seksi pengelolaan daerah aliran sungai,265,
662,Seksi pemberdayaan dan penyuluhan ,265,
266,Kelompok jabatan Fungsional ,21,
96,Balai laboraturium lingkungan ,1,
97,Balai taman hutan raya nuraksa ,1,
98,KPH Rinjani barat pelanggan tastura ,1,
99,KPH Rinjani timur ,1,
100,KPH Sejorong mataiyang brangrea ,1,
101,KPH Pucak ngengas batulante ,1,
102,KPH Orang teluh balang beh ,1,
103,KPH Ropang ,1,
104,KPH Ampang plampang ,1,
105,KPH Tambora ,1,
106,KPH Ampang riwo soromandi ,1,
107,KPH toffo pajo madapangga rompo waworada ,1,
108,KPH Maria donggomasa ,1,
663,PTT,21,
22,Dinas Perhubungan,1,
267,Sekretariat,22,
664,Subbag Program ,267,
665,Subbag Keuangan ,267,
666,Subbag Umum ,267,
268,Bidang angkutan Darat ,22,
667,Seksi sarana prasarana transportasi darat ,268,
668,Seksi keselamatan,268,
669,Seksi pengendalian angkutan darat ,268,
269,Bidang Pengelolaan Terminal,22,
670,Seksi perencanaan terminal ,269,
671,Seksi operasional terminal ,269,
672,Seksi pengawasan terminal ,269,
270,Bidang perhubungan laut dan udara,22,
673,Seksi angkutan perairan ,270,
674,Seksi kepelabuhanan,270,
675,Seksi manajemen dan keselamatan transportasi laut dan udara ,270,
271,Kelompok jabatan fungsional Dishub,22,
676,PTT,22,
23,"Dinas Komunikasi, Informatika dan Statistik",1,
272,Sekretaris,23,
677,Subbag Program ,272,
678,Subbag Keuangan ,272,
679,Subbag Umum ,272,
273,Bidang informasi dan komunikasi publik,23,
680,Seksi pengelolaan dan dokumentasi informasi ,273,
681,Seksi publikasi ,273,
682,Seksi kelembagaan ,273,
274,Bidang pengelolaan teknologi informasi dan komunikasi,23,
683,Seksi aplikasi teknologi informasi dan komunikasi ,274,
684,Seksi infrastuktur teknologi informasi dan komunikasi ,274,
685,Seksi tata kelola teknologi informasi dan komunikasi ,274,
275,Bidang persandian dan pengadaan secara elektronik,23,
686,Seksi persandian dan keamanan informasi ,275,
687,Seksi layanan pengadaan secara elektronik ,275,
688,Seksi telekomunikasi dan pengendalian ,275,
276,Bidang statistik,23,
689,Seksi statistik sosial ,276,
690,Seksi statistik ekonomi ,276,
691,Seksi statistik sumber daya alam dan infrastruktur ,276,
277,Kelompok jabatan fungsional Diskominfotik,23,
109,UPTD Bale ITE,1,
692,PTT,23,
24,Dinas Koperasi Usaha Kecil dan Menengah,1,
278,Sekretaris,24,
693,Sub bagian program ,278,
694,Sub bagian keuangan,278,
695,Sub bagian umum ,278,
279,Bidang pembinaan koperasi,24,
696,Seksi kelembagaan koperasi ,279,
697,Seksi pengembangan usaha koperasi ,279,
698,Seksi penilain akuntabilitas koperasi ,279,
280,Bidang pembinaan usaha kecil dan menengah,24,
699,Seksi pemasaran dan jaringan usaha kecil  dan menengah ,280,
700,Seksi pengembangan usaha kecil dan menengah,280,
701,Seksi stndarisasi dan legalitas usaha kecil dan menengah ,280,
281,Bidang pembinaan koperasi dan usaha simpan pinjam terdiridari ,24,
702,Seksi kelembagaan dan perizinan koperasi dan usaha simpan pinjam ,281,
703,Seksi fasilitas pembiayaan koperasi usaha simpan pinjam,281,
704,Seksi pembinaan koperasi dan usaha simpan pinjam syari'ah ,281,
282,Bidang pengawasan koperasi,24,
705,Seksi pemeriksaan kelembagaan ,282,
706,Seksi pemeriksaan usaha,282,
707,Seksi seksi kepatuhan dan penerapan sanksi ,282,
283,Kelompok jabatan fungsional DISKOP UKM,24,
110,UPTD Balai Pendidikan dan Pelatihan Koperasi UKM,1,
708,PTT,24,
25,Dinas Penanaman Modal dan Pelayanan Terpadu Satu Pintu,1,
284,Sekretariat,25,
709,Subbag Program ,284,
710,Subbag keuangan,284,
711,Subbag Umum ,284,
285,Bidang potensi dan promosi,25,
712,Seksi potensi ,285,
713,Seksi pameran dan sarana promosi,285,
714,Seksi fasilitas promosi ,285,
286,Bidang perizinan,25,
715,Seksi pelayanan aplikasi dan informasi ,286,
716,Seksi pelayanan perizinan,286,
717,Seksi fasilitas perizinan ,286,
287,Bidang pengembangan dan kerja sama,25,
718,Seksi pemberdayaan usaha dan investasi ,287,
719,Seksi fasilitas kerjasama antar dunia usaha,287,
720,Seksi fasilitas kerjasama Antar pemerintah ,287,
288,Bidang pengendalian,25,
721,Seksi pendataan ,288,
722,Seksi pembinaan dan pengawasan,288,
723,Seksi Evaluasi dan pelaporan ,288,
289,Kelompok jabatan fungsional DPMPT,25,
724,PTT,25,
26,Dinas Pemuda dan Olahraga,1,
290,Sekretariat,26,
725,Sub bagain program ,290,
726,Sub bagian keuangan ,290,
727,Sub bagian umum ,290,
291,Bidang kepemudaan,26,
728,Seksi pengembangan pemuda ,291,
729,Seksi pemberdayaan pemuda ,291,
730,Seksi kepramukaan dan kepemimpinan pemuda ,291,
292,Bidang keolahragaan,26,
731,Seksi Pembudayaan Olahraga,292,
732,Seksi Peningkatan Prestasi Olahraga,292,
733,Seksi Pembinaan Olahraga Pelajar,292,
293,Bidang Sarana dan Prasarana,26,
734,Seksi sarana prasarana kepemudaan ,293,
735,Seksi sarana prasarana keolahragaan ,293,
294,Jabatan fungsional Dispora,26,
736,PTT,26,
27,Dinas Perpustakaan dan Kearsipan,1,
295,Sekretariat,27,
737,Sub bagian program ,295,
738,Sub bagian keuangan,295,
739,Sub bagian umum ,295,
296,Bidang pembinaan dan pengembangan perpustakaan,27,
740,Seksi pembinaan perpustakaan ,296,
741,Seksi pengembangan minat baca,296,
742,Seksi kelembagaan dan kerja sama. ,296,
297,"Bidang deposit, dan informasi perpustakaan",27,
743,Seksi deposit perpustakaan ,297,
744,Seksi pelestarian perpustakaan,297,
745,Seksi informasi perpustakaan ,297,
298, Bidang pengelolaan arsip dinamis,27,
746,Seksi pembinaan kearsipaan ,298,
747,Seksi pengelolaan arsip dinamis,298,
748,Seksi penilaian dan penyusustan. ,298,
299,Bidang pengelolaan Arsip statis,27,
749,"Seksi penulusuran, akusisi dan penyelamatan kearsipan ",299,
750,"Seksi pengolahan, perwatan dan pelestarian kearsipan",299,
751,Seksi informasi kearsipan ,299,
300,Bidang pelayanan perpustakaan dan kearsipan,27,
752,Seksi otomatisasi perpustakaan dan kearsipan ,300,
753,Seksi pelayanan perpustakaan ,300,
754,Seksi pelayanan kearsipan ,300,
301,Kelompok jabatan fungsional DPAP Arsip,27,
755,PTT,27,
28,Dinas Kelautan dan Perikanan,1,
302,Sekretariat,28,
756,Sub bagian program ,302,
757,Sub bagian keuangan ,302,
758,Sub bagian umum ,302,
303,Bidang perikanan tangkap,28,
759,Seksi pengelolaan sumber daya ikan dan pengendalian penangkapan ikan ,303,
760,Seksi pelabuhan perikanan,303,
761,"Seksi kapal perikanan, Alat penangkapan ikan dan kenelayanan ",303,
304,Bidang perikanan budi daya,28,
762,Seksi perbenihan ,304,
763,Seksi produksi budidaya ,304,
764,Seksi usaha budidaya ,304,
305,Bidang penguatan daya saing produk,28,
765,"Seksi bina mutu, diversifikasi produk kelautan dan perikanan ",305,
766,Seksi akses pasar dan promosi ,305,
767,Seksi usaha dan logistik ,305,
306,Bidang pengawasan pengelolaan sumber daya pesisir dan pulau- pulau kesil,28,
768,Seksi tataruang laut dan pengelolaan perairan pesisir ,306,
769,Seksi pemeberdayaan masyarakat dan pelestarian sumber daya perairan pesisir dan pulau kecil ,306,
770,Seksi pengawasan sumber daya kelautan dan perikanan ,306,
307,Klompok jabatan fungsional Dislutkan,28,
111,Pelabuahan periakan labuhan Lombok,1,
112,Pelabuahan perikanan teluk Sentong ,1,
113,Balai pengembangan budidaya periakanan pantai ( BP BPP)sekotong ,1,
114,Balai pengembangan budidaya ikan air tawar (BP BIAT) Aik mel ,1,
115,balai kesehatan ikan dan lingkunngan perikanan Budidaya ,1,
116,Balai laboraturium pengujian dan penerapan mutu hasil kelautan dan perikanan ,1,
117,Balai kenservasi dan pengawasan sumber daya kelautan dan perikanan kawsan bima dompu ,1,
118,Balai konservasi dan pengawasan sumber daya kelautan dan perikanan kawasan sumbawa ,1,
119,Balai konservasi dan pengawasan sumber daya kelautan dan perikanan kawasan sumbawa ,1,
120,Balai pendidikan dan pelatihan kelautan dan perikanan tanjung luar ,1,
771,PTT,28,
29,Dinas Pariwisata,1,
308,Sekretariat,29,
772,Sub bagian program ,308,
773,Sub bagian keuangan,308,
774,Sub bagian umum ,308,
309,Bidang pemasaran pariwisata ,29,
775,Seksi analisa pasar ,309,
776,Seksi promosi pariwisata ,309,
777,Seksi kerjasama pariwisata ,309,
310,Bidang pengembangan pariwisata,29,
778,Seksi produk wisata ,310,
779,Seksi usaha pariwisata,310,
780,Seksi pengembangan infrastruktur pariwisata ,310,
311,Bidang kelembagaan pariwisata,29,
781,Seksi pendidikan dan pelatihan tenaga pariwisata ,311,
782,Seksi bimbingan masyarakat pariwisata ,311,
312,Bidang atraksi dan daya tarik pariwisata ,29,
783,Seksi pengembangan atraksi dan daya tarik wisata ,312,
784,Seksi pengembangan industri kraetif,312,
785,Seksi atraksi Budaya ,312,
313,Kelompok jabatan fungsional Dispar,29,
786,PTT,29,
30,Dinas Pertanian dan Perkebunan,1,
314,Sekretariat ,30,
787,Sub bagian program ,314,
788,Sub bagian keuangan ,314,
789,Sub bagian umum ,314,
315,Bidang tanaman pangan,30,
790,Seksi perbenihan dan perlindungan tanaman pangan ,315,
791,Seksi produksi tanaman pangan ,315,
792,Seksi pengolahan dan pemasaran tanaman pangan ,315,
316,Bidang Holtikultura,30,
793,Seksi perbenihan dan perlindungan holtikultura ,316,
794,Seksi produksi tanaman holtikultura,316,
795,Seksi pengolahan dan pemasaran holtikultura,316,
317,Bidang perkebunan,30,
796,Seksi perbenihan dan perlindungan perkebunan ,317,
797,Seksi produksi tanaman perkebunan,317,
798,Seksi pengolahan dan pemasaran hasil perkebunan ,317,
318,Bidang sarana dan prasarana pertanian,30,
799,"Seksi lahan, irigasi dan pembiayaan ",318,
800,Seksi pupuk dan pestisida,318,
801,Seksi alat dan mesin pertanian ,318,
319,kelompok jabatan fungsional Distanbun,30,
121,Balai perlindungan tanaman pertanian (BPTP),1,
122,Balai benih induk pertanian(BBIP),1,
123,Balai benih induk perkebunan (BBI-Bun,1,
124,Balai pengawasan dan sertifikasi benih pertanian (BPSB-P),1,
125,Balai penyuluhan dan pengembangan sumber daya manusia pertanian dan perkebunan ,1,
126,Balai pengawasan dan sertifikasi benih perkebunan ,1,
127,Balai perlindungan tanaman perkebunan BPT -Bun ,1,
128,Sekolah menengah kejuruan pembangunan pertanian mataram SMK- PP Mataram ,1,
129,Sekolah menengah kejuruan pembangunan pertanian bima ,1,
802,PTT,30,
31,Dinas Peternakan dan Kesehatan Hewan,1,
320,Sekretariat,31,
803,Sub bagain program ,320,
804,Sub bagian keuangan,320,
805,Sub bagian umum ,320,
321,Bidang kesehatan hewan,31,
806,Seksi pengamatan penyakit hewan ,321,
807,Seksi pencegahan dan Pemberantasan penyakit hewan,321,
808,Seksi pengawasan obat hewan dan pelayanan kesehatan hewan ,321,
322,"Bidang pembibitan, produksi dan pakan ternak",31,
809,Seksi pembibitan ternak ,322,
810,Seksi produksi sarana dan prasarana peternakan dan ,322,
811,Seksi pakan ,322,
323,Bidang pengolahan dan pemasaran hasil peternakan,31,
812,Seksi investasi dan pengembangan usaha ,323,
813,Seksi pengolahan,323,
814,Seksi pemasaran ,323,
324,Bidang kesehatan Masyarakat veteriner,31,
815,Seksi pengawasan keamanan produk hewan ,324,
816,Seksi pengawasan higlenis sanitasi dan RPH,324,
817,Seksi zoonosis dan kesejahteraan hewan ,324,
325,Kelompok jabatan Fungsional Disnakeswan,31,
130,Balai insimenasi buatan ,1,
131,Balai rumah sakit hewan dan laboraturium veteriner ,1,
132,Balai pembibitan ternak dan hijauan makanan ternak serading ,1,
133,Balai pengembangan dan pengolahan pakan ternak ruminansia ,1,
818,PTT,31,
32,Dinas Energi dan Sumber Daya Mineral,1,
326,Sekretariat,32,
819,Sub bagian program ,326,
820,Sub bagian keuangan ,326,
821,Sub bagian umum ,326,
327,Bidang geologi dan air tanah,32,
822,Seksi pemetaan geologi dan air tanah ,327,
823,Seksi pengusahaan air tanah,327,
824,Seksi konservasi air tanah ,327,
328,Bidang mineral dan batu bara,32,
825,Seksi pengusahaan mineral bukan logam dan batuan ,328,
826,Seksi pengusahaan mineral logam dan batu bara,328,
827,"Seksi produksi, penjualan mineral dan batu bara ",328,
329,Bidang energi,32,
828,Seksi pengembangan energi baru terbarukan ,329,
829,Seksi pengusahaan energi baru terbarukan,329,
830,Seksi konservasi energi ,329,
330,Bidang ketenagalistrikan,32,
831,Seksi pengembangan ketenagalistrikan ,330,
832,Seksi pengusahaan ketenagalistrikan,330,
833,Seksi pengawasan ketenagalistrikan ,330,
331,Kelompok jabatan fungsional DESDM,32,
134,Balai ESDM Wilayah Sumbawa,1,
834,PTT,32,
33,Dinas Perdagangan,1,
332,Sekretariat,33,
835,Sub bagian program ,332,
836,Sub bagian keuangan,332,
837,Sub bagian umum ,332,
333,Bidang stndarisasai dan perlindungan konsumen,33,
838,Seksi standarisasi dan tertib niaga ,333,
839,Seksi pemberdayaan konsumen ,333,
840,Seksi pengawasan barang beredar dan jasa ,333,
334,Bidang perdagangan dalam negeri,33,
841,Seksi bina usaha dan pelaku distribusi ,334,
842,Seksi sarana distribusi dan logistik,334,
843,Seksi pemasaran produk dalam negeri ,334,
335,Bidang perdagangan luar negeri,33,
844,Seksi ekpor ,335,
845,Seksi impor,335,
846,Seksi pengembangan dan kerjasama ,335,
336,jabatan Fungsional Disdag,33,
135,Balai Pengembangan Pelatihan dan Promosi Ekspor Daerah,1,
847,PTT,33,
34,Dinas Perindustrian,1,
337,Sekretariat,34,
848,Sub bagian program ,337,
849,Sub bagian keuangan ,337,
850,Sub bagian umum ,337,
338,Bidang indstri agro,34,
851,"Seksi industri hasil pertanian, hutan dan perekebunan dan",338,
852,"Seksi industri makanan dan minuman, hasil laut, mesin,  periakanan dan peternakan ",338,
339,"Bidang industri logam, mesin, alat transportasi, elektronika dan telematika terdiri dari ",34,
853,"Seksi industri logam, mesin dan alat transportasi dan ",339,
854,Seksi industri elektronika dan telematika ,339,
340,"Bidang industri kreatif, sandang dan kerajianan terdiri dari: ",34,
855,Seksi industri kreatif ,340,
856,Seksi industri sandang dan kerajinan ,340,
341,Kelompok jabatan Fungsional Disperin,34,
136,Balai Kemasan Produk Daerah,1,
137,Balai Pengelolaan Industri Daerah,1,
857,PTT,34,
35,Satuan Polisi Pamong Praja,1,
342,Sekretariat,35,
858,Sub bagian program ,342,
859,Sub bagian keuangan ,342,
860,Sub bagain umum ,342,
343,Bidang pembinaan masyarakat,35,
861,Seksi kewaspadaan dini ,343,
862,Seksi bimbingan dan penyuluhan ,343,
344,Bidang ketertiban umum dan ketentraman,35,
863,Seksi operasi dan pengendalian,344,
864,Seksi ketertiban umum ,344,
345,Bidang penegakan peraturan daerah,35,
865,Seksi penegakan,345,
866,Seksi hubungan antar lembaga ,345,
346,Bidang pembianaan satuan perlindungan masyarakat,35,
867,Seksi data dan informasi,346,
868,Seksi pelatihan dan mobilisasi ,346,
347,Kelompok jabatan fungsional Polpp,35,
869,PTT,35,
36,"Badan Perencanaan Pembangunan, Penelitian dan Pengembangan Daerah",1,
348,Sekretariat,36,
870,Sub bagian program ,348,
871,Sub bagian keuangan,348,
872,Sub bagian umum ,348,
349,Bidang perencanaan wilayah dan pemabangunan infrastruktur,36,
873,Subbbidang perencanaan wilayah ,349,
874,"Subbidang pekerjaan umum, pemukiman dan transportasi",349,
875,Subbidang kemaritiman dan sumber daya alam ,349,
350,Bidang perencanaan pembungan ekonomi,36,
876,Subbidang infestasi dan keuangan ,350,
877,Subbidang pangan dan pertanian,350,
878,"Subbidang industri, perdagangan pariwisata ",350,
351,Bidang peremcanaan pemabangunan sosial budaya,36,
879,"Subbidang sosial, ketenaga kerjaan dan kependududkan ",351,
880,Subbbidang pendidikan dan kesehatan,351,
881,Subbidang pemerintahan dan politik ,351,
352,Bidang penelitian dan pengembangan,36,
882,Subbidang penelitian dan pengembangan ekonomi wilayah ,352,
883,subbidang penelitan dan pengembangan sosial budaya,352,
884,Subbidang penenlitian dan pengembangan informasi goespasial ,352,
353,"Bidang pemantauan, Evaluasi dan pengendalian perencanaan pemabangunan",36,
885,"Subbidang pemantauan, evaluasi dan pelaporan ",353,
886,Subbidang pengendalian perencanaan dan ,353,
887,Subbidang data dan sistem informasi perencanaan ,353,
354,Kelompok jabatan fungsional Bappeda,36,
888,PTT,36,
37,Badan pengelolaan Keuangan dan Aset Daerah,1,
355,Sekretariat,37,
889,Sub bagian program ,355,
890,Sub bagain keuangan ,355,
891,Sub bagian umum ,355,
356,Bidang anggaran,37,
892,Sub bidang anggaran I ,356,
893,Sub bidang anggaran II,356,
894,Sub bidang evaluasi anggaran kabupaten/kota ,356,
357,Bidang perbendaharaan,37,
895,Sub bidang kas ,357,
896,Sub bidang perbendaharaan I,357,
897,Sub bidang perbendaharaan II ,357,
358,Bidang akutansi dan pelaporan terdiri dari ,37,
898,Sub bidang Akuntansi I,358,
899,Sub bidang Akuntansi II,358,
900,Sub bidang pelaporan dan evaluasi keuangan daerah ,358,
359,Bidang pengelolaan barang milik daerah,37,
901,Sub bidang perencanaan kebutuhan dan pengadaan BMD ,359,
902,Sub bidang pemeliharaan dan penghapusan BMD ,359,
903,Sub bidang penatausahaan dan pembinaan BMD ,359,
360,kelompok jabatan fungsional BPKAD,37,
138,Unit Layanan Pemanfaatan Aset Daerah,1,
139,Unit Pengelolaan Islamic Center,1,
904,PTT,37,
38,Badan Pengelolaan Pendapatan Daerah,1,
361,Sekretariat,38,
905,kepala Sub bagian perelengkapan ,361,
906,Kepala sub bagian keuangan ,361,
907,Kepala Sub bagian umum dan kepegawaian ,361,
362,Bidang perencanaan dan pengembangan,38,
908,Sub bidang penyusunan program ,362,
909,Sub bidang pengembangan teknologi informasi penadapatan ,362,
910,Sub bidang analisis dan pelaporan ,362,
363,Bidang pajak daerah,38,
911,Sub bidang pajak kendaraan bermotor dan bea balik nama kendaraan bermotor ,363,
912,Sub bidang pajak daerah lainnya ,363,
913,Sub bidang administrasi dan pelayanan pajak daerah ,363,
364,"Bidang retribusi, dana perimbangan dan pendapatan lainya",38,
914,Sub bidang retribusi ,364,
915,Sub bidang dana perimbangan ,364,
916,Sub bidang pendapatan lainnya ,364,
365,Bidang pengendalian dan pembinaan,38,
917,Sub bidang pengendalian ,365,
918,Sub bidang pembinaan ,365,
919,Sub bidang hukum dan sengketa pajak ,365,
366,Kelompok jabatan fungsional Bappenda,38,
140,Unit Pelayanan Pajak Daerah  Mataram ,1,
141,Unit Pelayanan Pajak Daerah Praya ,1,
142,Unit Pelayanan Pajak Daerah Selong ,1,
143,Unit Pelayanan Pajak Daerah Sumbawa Besar ,1,
144,Unit Pelayanan Pajak Daerah Raba Bima ,1,
145,Unit Pelayanan Pajak Daerah Dompu ,1,
146,Unit Pelayanan Pajak Daerah Taliwang,1,
147,Unit Pelayanan Pajak Daerah Gerung,1,
148,Unit Pelayanan Pajak Daerah Tanjung ,1,
149,Unit Pelayanan Pajak Daerah Panda Bima,1,
920,PTT,38,
39,Badan Pengembangan Sumberdaya Manusia Daerah,1,
367,Sekretariat,39,
921,Kepala sub bagian perencanaan dan keuangan ,367,
922,Kepala sub bagian umum dan kepegawaian ,367,
368,Bidang sertifikasi dan pengelola kelembagaan,39,
923,Sub bidang sertifikasi kompetensi ,368,
924,Sub bidang pengeloloaan kelembagaan dan tenaga pengembangan kompetensi ,368,
925,Sub bidang pengelolaan sumber belajar dan kerasama ,368,
369,Bidang pengembangan kompetensi teknis,39,
926,Sub bidang pengembangan kompetensi umum dan pilihan jabatan administrasi ,369,
927,Sub bidang pengembangan kompetensi jabatan adminiistrasi ,369,
928,Sub bidang penegmbangan kompetensi jabatan adaministrasi perangkat daerah penunjang ,369,
370,Bidang pengembangan kompetensi Manajerial dan fungsional,39,
929,Sub bidang pengembangan kompetensi pimpinan Daerah dan jabatan pimpinan tinggi ,370,
930,Sub bidang pengembangan kompetensi jabatan fungsional ,370,
931,Sub bidang pengembangan kompetensi kepemimpinan dan prajabatan ,370,
371,Kelompok jabatan fungsional BPSDM,39,
932,PTT,39,
40,Badan Kepegawaian Daerah,1,
372,Sekretaris BKD,40,
933,Subbag program dan Keuangan BKD,372,
934,Subbag Umum BKD,372,
373,Bidang Mutasi Pegawai,40,
935,Subbid Formasi dan Seleksi,373,
936,Subbid Pengangkatan dan Penggajian,373,
937,Subbid Pemindahan dan Pemberhentian,373,
374,Bidang Pengembangan dan Pembinaan Pegawai,40,
938,Subbid Penempatan Jabatan,374,
939,Subbid Pendidikan dan Kesejahteraan Pegawai,374,
940,Subbid Pembinaan dan Evaluasi,374,
375,Bidang Informasi Kepegawaian,40,
941,Subbid Dokumentasi dan Arsip Kepegawaian,375,
942,Subbid Pengolahan Data,375,
943,Subbid Penilaian Dan Informasi Kompetensi Pegawai,375,
376,Jabatan Fungsional BKD,40,
150,Unit Pelayanan Penilaian Kompetensi,1,
151,UPT Sekretariat KORPRI Provinsi NTB,1,
944,PTT,40,
41,Pelaksana Badan Penanggulangan Bencana Daerah,1,
377,Sekretariat,41,
945,Subbag Program,377,
946,Subbag Keuangan,377,
947,Subbag Umum,377,
378,Bidang Pencegahan dan Kesiapsiagaan,41,
948,Seksi Pencegahan,378,
949,Seksi Kesiapsiagaan,378,
379,Bidang Kedaruratan dan Logistik,41,
950,Seksi Tanggap Darurat,379,
951,Seksi Penyelamatan dan Evakuasi,379,
380,Bidang Rehabilitasi dan Rekonstruksi,41,
952,Seksi Rehabilitasi,380,
953,Seksi Rekonstruksi,380,
381,Jabatan Fungsional BPBD,41,
954,PTT,41,
42,Badan Penghubung Daerah,1,
955,Sub Bagian Tata Usaha,42,
956,Seksi Hubungan Antar Lembaga,42,
957,Seksi Pelayanan Umum,42,
958,Seksi Promosi dan Informasi,42,
382,Jabatan Fungsional Badan Penghubung,42,
959,PTT,42,
